{"cameraMode":{"drawMode":0,"name":"Shaded","section":"Shading Mode"},"sceneLighting":true,"audioPlay":false,"sceneViewState":{"showFog":true,"showMaterialUpdate":false,"showSkybox":true,"showFlares":true,"showImageEffects":true,"showParticleSystems":true},"in2DMode":false,"pivot":{"x":392.9636535644531,"y":359.2455749511719,"z":-78.42463684082031},"rotation":{"x":-0.01889660581946373,"y":0.01619691774249077,"z":0.0003091932740062475,"w":0.9996984601020813},"size":375.0867919921875,"orthographic":false}