{"cameraMode":{"drawMode":0,"name":"Shaded","section":"Shading Mode"},"sceneLighting":false,"audioPlay":false,"sceneViewState":{"showFog":true,"showMaterialUpdate":false,"showSkybox":false,"showFlares":true,"showImageEffects":true,"showParticleSystems":true},"in2DMode":false,"pivot":{"x":-11941.0703125,"y":1.9503930807113648,"z":25133.16015625},"rotation":{"x":0.1442667692899704,"y":-0.21951764822006226,"z":0.03284034878015518,"w":0.9643239378929138},"size":6.004942893981934,"orthographic":false}