{"cameraMode":{"drawMode":0,"name":"Shaded","section":"Shading Mode"},"sceneLighting":false,"audioPlay":false,"sceneViewState":{"showFog":true,"showMaterialUpdate":false,"showSkybox":false,"showFlares":true,"showImageEffects":true,"showParticleSystems":true},"in2DMode":false,"pivot":{"x":1.0,"y":0.7548419833183289,"z":0.9931045770645142},"rotation":{"x":0.10068237781524658,"y":0.41446346044540408,"z":-0.04619675874710083,"w":0.9032989740371704},"size":0.6289713382720947,"orthographic":false}