{"cameraMode":{"drawMode":0,"name":"Shaded","section":"Shading Mode"},"sceneLighting":false,"audioPlay":false,"sceneViewState":{"showFog":true,"showMaterialUpdate":false,"showSkybox":false,"showFlares":true,"showImageEffects":true,"showParticleSystems":true},"in2DMode":false,"pivot":{"x":-11951.681640625,"y":0.123046875,"z":25120.0546875},"rotation":{"x":-0.00009290243906434625,"y":-0.9880885481834412,"z":0.15388572216033936,"w":-0.0005947470781393349},"size":303.02288818359377,"orthographic":true}