{"cameraMode":{"drawMode":0,"name":"Shaded","section":"Shading Mode"},"sceneLighting":false,"audioPlay":false,"sceneViewState":{"showFog":true,"showMaterialUpdate":false,"showSkybox":false,"showFlares":true,"showImageEffects":true,"showParticleSystems":true},"in2DMode":false,"pivot":{"x":-11941.23046875,"y":1.6326115131378174,"z":25130.490234375},"rotation":{"x":0.6723574995994568,"y":-0.0033312365412712099,"z":0.003025609999895096,"w":0.7402129173278809},"size":578.1595458984375,"orthographic":true}