{"cameraMode":{"drawMode":0,"name":"Shaded","section":"Shading Mode"},"sceneLighting":true,"audioPlay":false,"sceneViewState":{"showFog":true,"showMaterialUpdate":false,"showSkybox":true,"showFlares":true,"showImageEffects":true,"showParticleSystems":true},"in2DMode":false,"pivot":{"x":-0.057020336389541629,"y":-0.058367788791656497,"z":0.42868518829345705},"rotation":{"x":-0.3967067301273346,"y":0.12333375215530396,"z":0.05388304963707924,"w":0.9080256223678589},"size":0.1925973743200302,"orthographic":true}